EID,Name,Age,Gender,Department,Salary
94335,Jason Lopez,35,Other,Finance,63010
90453,Dr. Ashley Sanders,44,Female,IT,79462
50173,Evan Bruce,44,Female,Sales,51901
74438,Pamela Scott,46,Other,Finance,57744
21948,Aaron Herrera,37,Other,Sales,38002
87138,David Ford,48,Other,Marketing,93274
16442,Autumn York,32,Other,Marketing,48109
93773,Jeff Lara,60,Other,IT,45660
63089,Kristen Sandoval,43,Other,Finance,110602
74094,Mr. Bradley Crawford PhD,28,Other,Sales,55059
97559,Sandra Andrews,41,Female,Sales,66558
57812,Ricky Walker,63,Other,Sales,112449
15736,Marcus Park,47,Other,Finance,82685
70820,Alejandro Richard,52,Male,Finance,52834
62201,Mark Johnson,60,Female,IT,49476
5342,Theodore Johnson,45,Other,HR,51103
44827,David Davis,39,Female,IT,99733
89118,Alexis Cross,32,Female,HR,115891
37074,Kathryn Miller,25,Female,IT,115371
51176,Shannon Patel,34,Female,HR,72502
29374,Melissa Orozco,46,Other,HR,44663
46883,Mary Bowman,34,Female,Marketing,108174
63487,Michael Medina,30,Male,Marketing,42224
78843,John Bentley,22,Female,IT,40222
34822,Elizabeth Stevens,44,Male,Sales,50866
89834,Joshua Jones,38,Male,Finance,66958
604,Nicholas Wilson,46,Female,Finance,83257
85831,Ryan Anderson,51,Other,Finance,86940
20981,Elizabeth Hamilton,45,Other,Finance,101380
33463,John Willis,39,Female,Finance,61780
17029,Miss Shannon Taylor,41,Other,HR,84783
16876,Amy Obrien,42,Other,Sales,49826
58745,Samantha Rocha,46,Other,IT,72943
3250,Andrew Adkins,24,Other,Finance,32790
11346,Andrew Thompson,33,Male,Sales,82615
26456,Linda Anderson,36,Other,HR,98485
71942,Carla Navarro,43,Male,Marketing,87328
34048,Bryan Greene,39,Male,Finance,71664
74034,Krystal Mack,58,Other,IT,64574
95465,Christopher Diaz,28,Other,Finance,78001
67466,Michael Davis,48,Female,Marketing,55869
63387,Mrs. Teresa Green MD,23,Other,IT,117112
94866,Natasha Hill,63,Other,IT,102499
44740,Catherine Stevenson,37,Female,IT,31423
96394,Andrew Cruz,34,Other,HR,116457
71447,Paul Baker,47,Male,IT,75684
60809,Luis King,45,Female,Finance,39598
89660,Rachel Leon,26,Other,Marketing,96646
97167,Matthew Harris,30,Female,IT,39859
48814,Ana Soto,58,Male,IT,43485
96983,Ashley Stevenson,33,Male,Marketing,85793
10734,Douglas David,22,Other,Finance,50626
71411,Carol Sanchez,49,Female,Sales,69048
78675,Luis Smith,43,Other,IT,99467
10457,Tyler Martin,29,Other,Marketing,117597
73800,Sheri Wang,24,Other,IT,32715
62524,Rachel Alexander,51,Other,Sales,56526
76234,Emily Berger,35,Female,Sales,53271
86489,Debra Woods MD,58,Other,IT,113958
44220,Janice Arroyo,65,Female,Finance,43592
86943,Keith Frye,30,Female,IT,57345
16786,Theresa Bradshaw,31,Other,HR,70279
5139,Christian Townsend,23,Female,IT,104195
85833,Terrence Smith,52,Female,Marketing,78731
87156,Nicole Mcintyre,62,Male,Marketing,90283
68202,Mrs. Ellen Wells,22,Female,Finance,57745
3740,Stefanie Gray,33,Other,Marketing,116451
20893,Heather Gardner,43,Other,Marketing,97404
25203,Robert Brown,62,Male,Finance,36992
44959,Robert Gardner,22,Other,HR,64163
72578,Kyle Hanna,40,Other,HR,52396
85575,Casey Wilson,41,Male,Sales,39608
31497,Seth Nelson,26,Male,HR,77779
13481,Sarah Valentine,37,Male,HR,64451
83727,Lindsay White,64,Other,Finance,61515
69100,Kyle Adkins,43,Female,Sales,35006
20786,Chris Nelson,41,Female,IT,56304
72871,Heather Rivera,53,Male,Marketing,95677
22324,Stephanie Huerta,38,Female,IT,67286
4792,Jeffrey Berry,52,Other,IT,108319
35157,Catherine Sanchez,48,Male,Marketing,84737
11064,Natalie Meyers MD,53,Other,Marketing,36069
60825,Leslie King,51,Female,Finance,100936
9341,Ethan Carter,23,Female,Finance,112094
92039,Kathryn Brown,61,Other,IT,84632
78868,Michelle Dawson,62,Male,Sales,115576
58466,Brandon Kelly,28,Male,Marketing,92949
36898,Alexis Schmidt,47,Female,Marketing,113449
39213,Alexander Young,27,Male,HR,41363
74141,Henry Singh,55,Female,Finance,81554
26416,Deborah Mcdonald,22,Male,IT,96466
94930,Ricardo Snyder,35,Male,HR,79459
70335,Susan Lozano,41,Female,HR,37707
52863,Stacie Massey,61,Female,Sales,91238
67104,Mary Chen,45,Female,Sales,31197
12188,Emily Wright,42,Other,Sales,113784
64173,Nicholas Harris,26,Female,Sales,67805
23961,Monica Diaz,26,Male,Marketing,49388
54730,Mary Thompson,53,Other,IT,74920
13058,Lisa Thompson,58,Male,Sales,108969
